{"count":1,"self":107.03693439999999,"total":107.04990839999999,"children":{"InitializeActuators":{"count":1,"self":0.0020304999999999998,"total":0.0020304999999999998,"children":null},"InitializeSensors":{"count":1,"self":0.00096309999999999994,"total":0.00096309999999999994,"children":null},"AgentSendState":{"count":4206,"self":0.0029953,"total":0.0029953,"children":null},"DecideAction":{"count":4206,"self":0.0029936,"total":0.0029936,"children":null},"AgentAct":{"count":4206,"self":0.0029947999999999997,"total":0.0029947999999999997,"children":null}},"gauges":{},"metadata":{"timer_format_version":"0.1.0","start_time_seconds":"1609325946","unity_version":"2020.1.0f1","command_line_arguments":"C:\\Program Files\\Unity\\Hub\\Editor\\2020.1.0f1\\Editor\\Unity.exe -projectpath D:\/GitHub\/KingsLab\/RandomTowerDefense -useHub -hubIPC -cloudEnvironment production -hubSessionId 803647b0-4a42-11eb-9876-3993a6922aa0 -accessToken j6KpUISzFdWXT-FJQBAs3clIjRE23ORHf8TJ_090vLg00ef","communication_protocol_version":"1.2.0","com.unity.ml-agents_version":"1.6.0-preview","scene_name":"GameScene","end_time_seconds":"1609326053"}}