{"count":1,"self":55.522419199999995,"total":58.2444675,"children":{"InitializeActuators":{"count":1,"self":0.0020223999999999997,"total":0.0020223999999999997,"children":null},"InitializeSensors":{"count":1,"self":0.0009968,"total":0.0009968,"children":null},"AgentSendState":{"count":7597,"self":0.0946741,"total":0.3488178,"children":{"CollectObservations":{"count":7389,"self":0.2153023,"total":0.2153023,"children":null},"CollectDiscreteActionMasks":{"count":7389,"self":0.012932899999999999,"total":0.012932899999999999,"children":null},"RequestDecision":{"count":7389,"self":0.025908499999999998,"total":0.025908499999999998,"children":null}}},"DecideAction":{"count":7597,"self":2.3253024,"total":2.3253025,"children":null},"AgentAct":{"count":7597,"self":0.042884599999999995,"total":0.042884599999999995,"children":null}},"gauges":{},"metadata":{"timer_format_version":"0.1.0","start_time_seconds":"1609237174","unity_version":"2020.1.0f1","command_line_arguments":"C:\\Program Files\\Unity\\Hub\\Editor\\2020.1.0f1\\Editor\\Unity.exe","communication_protocol_version":"1.2.0","com.unity.ml-agents_version":"1.6.0-preview","scene_name":"StageSelection","end_time_seconds":"1609237232"}}