{"count":1,"self":95.779347199999989,"total":95.8877898,"children":{"InitializeActuators":{"count":2,"self":0.0019882999999999997,"total":0.0019882999999999997,"children":null},"InitializeSensors":{"count":2,"self":0.0010061999999999998,"total":0.0010061999999999998,"children":null},"AgentSendState":{"count":89,"self":0.0030261999999999997,"total":0.0139764,"children":{"CollectObservations":{"count":120,"self":0.0089591999999999988,"total":0.0089591999999999988,"children":null},"CollectDiscreteActionMasks":{"count":120,"self":0,"total":0,"children":null},"RequestDecision":{"count":120,"self":0.0019909999999999997,"total":0.0019909999999999997,"children":null}}},"DecideAction":{"count":89,"self":0.088482499999999992,"total":0.088482499999999992,"children":null},"AgentAct":{"count":89,"self":0.0019935,"total":0.0019935,"children":null}},"gauges":{},"metadata":{"timer_format_version":"0.1.0","start_time_seconds":"1607435964","unity_version":"2020.1.0f1","command_line_arguments":"C:\\Program Files\\Unity\\Hub\\Editor\\2020.1.0f1\\Editor\\Unity.exe -projectpath D:\/GitHub\/KingsLab\/RandomTowerDefense -useHub -hubIPC -cloudEnvironment production -hubSessionId a416b600-3954-11eb-a54a-9d57ea590776 -accessToken bDPuyOk8CIEL_lQM6XL-0_dniO1mCmwDOJNLi9vV7UU00ef","communication_protocol_version":"1.2.0","com.unity.ml-agents_version":"1.6.0-preview","scene_name":"TestingScene","end_time_seconds":"1607436060"}}