{
    "name": "root",
    "metadata": {
        "timer_format_version": "0.1.0",
        "start_time_seconds": "1606283076",
        "python_version": "3.7.9 (tags/v3.7.9:13c94747c7, Aug 17 2020, 16:30:00) [MSC v.1900 64 bit (AMD64)]",
        "command_line_arguments": "D:\\course_Year3\\FYP\\Ref\\AI\\VirtualEnvironment\\MLAgentsEnv\\Scripts\\mlagents-learn EnemySpawnerAmend.yaml --run-id=SpawnerAmend --force",
        "mlagents_version": "0.22.0",
        "mlagents_envs_version": "0.22.0",
        "communication_protocol_version": "1.2.0",
        "pytorch_version": "1.7.0+cu110",
        "numpy_version": "1.19.4",
        "end_time_seconds": "1606283103"
    },
    "total": 26.7213364,
    "count": 1,
    "self": 0.0869579999999992,
    "children": {
        "run_training.setup": {
            "total": 0.018022299999999936,
            "count": 1,
            "self": 0.018022299999999936
        },
        "TrainerController.start_learning": {
            "total": 26.6163561,
            "count": 1,
            "self": 0.001564299999994745,
            "children": {
                "TrainerController._reset_env": {
                    "total": 19.3917529,
                    "count": 1,
                    "self": 19.3917529
                },
                "TrainerController.advance": {
                    "total": 7.096232700000005,
                    "count": 11,
                    "self": 0.00016780000000693462,
                    "children": {
                        "env_step": {
                            "total": 7.096064899999998,
                            "count": 11,
                            "self": 7.076793200000001,
                            "children": {
                                "SubprocessEnvManager._take_step": {
                                    "total": 0.019154900000000197,
                                    "count": 11,
                                    "self": 0.000584500000005761,
                                    "children": {
                                        "TorchPolicy.evaluate": {
                                            "total": 0.018570399999994436,
                                            "count": 11,
                                            "self": 0.002438499999989574,
                                            "children": {
                                                "TorchPolicy.sample_actions": {
                                                    "total": 0.016131900000004862,
                                                    "count": 11,
                                                    "self": 0.016131900000004862
                                                }
                                            }
                                        }
                                    }
                                },
                                "workers": {
                                    "total": 0.00011679999999714141,
                                    "count": 10,
                                    "self": 0.0,
                                    "children": {
                                        "worker_root": {
                                            "total": 6.638228399999999,
                                            "count": 10,
                                            "is_parallel": true,
                                            "self": 0.03796020000000766,
                                            "children": {
                                                "steps_from_proto": {
                                                    "total": 0.00029860000000070386,
                                                    "count": 1,
                                                    "is_parallel": true,
                                                    "self": 0.00015970000000109508,
                                                    "children": {
                                                        "_process_vector_observation": {
                                                            "total": 0.00013889999999960878,
                                                            "count": 2,
                                                            "is_parallel": true,
                                                            "self": 0.00013889999999960878
                                                        }
                                                    }
                                                },
                                                "UnityEnvironment.step": {
                                                    "total": 6.599969599999991,
                                                    "count": 10,
                                                    "is_parallel": true,
                                                    "self": 0.0009962999999970634,
                                                    "children": {
                                                        "UnityEnvironment._generate_step_input": {
                                                            "total": 0.0007933999999920616,
                                                            "count": 10,
                                                            "is_parallel": true,
                                                            "self": 0.0007933999999920616
                                                        },
                                                        "communicator.exchange": {
                                                            "total": 6.595416100000001,
                                                            "count": 10,
                                                            "is_parallel": true,
                                                            "self": 6.595416100000001
                                                        },
                                                        "steps_from_proto": {
                                                            "total": 0.002763800000000316,
                                                            "count": 10,
                                                            "is_parallel": true,
                                                            "self": 0.0016484000000041021,
                                                            "children": {
                                                                "_process_vector_observation": {
                                                                    "total": 0.0011153999999962139,
                                                                    "count": 20,
                                                                    "is_parallel": true,
                                                                    "self": 0.0011153999999962139
                                                                }
                                                            }
                                                        }
                                                    }
                                                }
                                            }
                                        }
                                    }
                                }
                            }
                        }
                    }
                },
                "trainer_threads": {
                    "total": 2.3800000001017452e-05,
                    "count": 1,
                    "self": 2.3800000001017452e-05,
                    "children": {
                        "thread_root": {
                            "total": 0.0,
                            "count": 0,
                            "is_parallel": true,
                            "self": 0.0,